{"sum": 432593, "avr": 551.7767857142857, "sumMD": 14624, "avrMD": 522.2857142857143, "sumSD": 14089, "avrSD": 503.17857142857144, "max": 998, "min": 102}