{
    "Повар": {
        "min_age": 19,
        "avg_age": 43.52777777777778,
        "max_age": 65
    },
    "Архитектор": {
        "min_age": 19,
        "avg_age": 39.14,
        "max_age": 65
    },
    "Строитель": {
        "min_age": 18,
        "avg_age": 44.77777777777778,
        "max_age": 64
    },
    "Медсестра": {
        "min_age": 20,
        "avg_age": 42.8125,
        "max_age": 64
    },
    "IT-специалист": {
        "min_age": 18,
        "avg_age": 37.21951219512195,
        "max_age": 61
    },
    "Продавец": {
        "min_age": 18,
        "avg_age": 41.348837209302324,
        "max_age": 65
    },
    "Менеджер": {
        "min_age": 18,
        "avg_age": 41.55555555555556,
        "max_age": 65
    },
    "Бухгалтер": {
        "min_age": 18,
        "avg_age": 40.333333333333336,
        "max_age": 64
    },
    "Оператор call-центра": {
        "min_age": 19,
        "avg_age": 42.94117647058823,
        "max_age": 65
    },
    "Инженер": {
        "min_age": 18,
        "avg_age": 41.54545454545455,
        "max_age": 65
    },
    "Психолог": {
        "min_age": 18,
        "avg_age": 43.03030303030303,
        "max_age": 65
    },
    "Учитель": {
        "min_age": 18,
        "avg_age": 41.714285714285715,
        "max_age": 65
    },
    "Программист": {
        "min_age": 21,
        "avg_age": 45.361702127659576,
        "max_age": 65
    },
    "Врач": {
        "min_age": 18,
        "avg_age": 38.743589743589745,
        "max_age": 65
    },
    "Водитель": {
        "min_age": 19,
        "avg_age": 38.12765957446808,
        "max_age": 65
    },
    "Косметолог": {
        "min_age": 19,
        "avg_age": 40.97435897435897,
        "max_age": 65
    }
}